{
  "BUG": [
    1,
    0.625,
    0.625,
    0.625,
    1,
    1,
    1,
    0.625,
    0.625,
    0.625,
    1,
    1.600000023841858,
    1,
    1.600000023841858,
    1,
    1,
    1.600000023841858,
    0.625
  ],
  "DARK": [
    1,
    0.625,
    1,
    1,
    1,
    1,
    1,
    1.600000023841858,
    1,
    1,
    1,
    1,
    1,
    1.600000023841858,
    1,
    1,
    0.625,
    0.625
  ],
  "DRAGON": [
    1,
    1,
    1,
    1,
    1,
    1,
    1,
    1,
    0.625,
    1,
    1,
    1,
    1,
    1,
    1,
    1.600000023841858,
    1,
    0.390625
  ],
  "ELECTRIC": [
    1,
    1,
    1.600000023841858,
    1,
    0.390625,
    1,
    1,
    1,
    1,
    1,
    1.600000023841858,
    0.625,
    0.625,
    1,
    1,
    0.625,
    1,
    1
  ],
  "FAIRY": [
    1,
    1.600000023841858,
    1,
    0.625,
    1,
    1,
    1,
    1,
    0.625,
    0.625,
    1,
    1,
    1,
    1,
    1,
    1.600000023841858,
    1.600000023841858,
    1
  ],
  "FIGHTING": [
    1.600000023841858,
    1,
    0.625,
    0.625,
    1,
    1.600000023841858,
    0.625,
    0.390625,
    1.600000023841858,
    1,
    1,
    1,
    1,
    0.625,
    1.600000023841858,
    1,
    1.600000023841858,
    0.625
  ],
  "FIRE": [
    1,
    1,
    1,
    1,
    1,
    0.625,
    1.600000023841858,
    1,
    1.600000023841858,
    0.625,
    0.625,
    1.600000023841858,
    1,
    1,
    1.600000023841858,
    0.625,
    1,
    1
  ],
  "FLYING": [
    1,
    1.600000023841858,
    1,
    1,
    1,
    0.625,
    1.600000023841858,
    1,
    0.625,
    1,
    1,
    1.600000023841858,
    0.625,
    1,
    1,
    1,
    1,
    1
  ],
  "GHOST": [
    0.390625,
    1,
    1,
    1,
    1,
    1,
    1,
    1.600000023841858,
    1,
    1,
    1,
    1,
    1,
    1.600000023841858,
    1,
    1,
    0.625,
    1
  ],
  "GRASS": [
    1,
    1,
    0.625,
    0.625,
    1.600000023841858,
    1.600000023841858,
    0.625,
    1,
    0.625,
    0.625,
    1.600000023841858,
    0.625,
    1,
    1,
    1,
    0.625,
    1,
    1
  ],
  "GROUND": [
    1,
    1,
    0.390625,
    1.600000023841858,
    1,
    1.600000023841858,
    0.625,
    1,
    1.600000023841858,
    1.600000023841858,
    1,
    0.625,
    1.600000023841858,
    1,
    1,
    1,
    1,
    1
  ],
  "ICE": [
    1,
    1,
    1.600000023841858,
    1,
    1.600000023841858,
    1,
    1,
    1,
    0.625,
    0.625,
    0.625,
    1.600000023841858,
    1,
    1,
    0.625,
    1.600000023841858,
    1,
    1
  ],
  "NORMAL": [
    1,
    1,
    1,
    1,
    1,
    0.625,
    1,
    0.390625,
    0.625,
    1,
    1,
    1,
    1,
    1,
    1,
    1,
    1,
    1
  ],
  "POISON": [
    1,
    1,
    1,
    0.625,
    0.625,
    0.625,
    1,
    0.625,
    0.390625,
    1,
    1,
    1.600000023841858,
    1,
    1,
    1,
    1,
    1,
    1.600000023841858
  ],
  "PSYCHIC": [
    1,
    1.600000023841858,
    1,
    1.600000023841858,
    1,
    1,
    1,
    1,
    0.625,
    1,
    1,
    1,
    1,
    0.625,
    1,
    1,
    0.390625,
    1
  ],
  "ROCK": [
    1,
    0.625,
    1.600000023841858,
    1,
    0.625,
    1,
    1.600000023841858,
    1,
    0.625,
    1.600000023841858,
    1,
    1,
    1,
    1,
    1.600000023841858,
    1,
    1,
    1
  ],
  "STEEL": [
    1,
    1,
    1,
    1,
    1,
    1.600000023841858,
    1,
    1,
    0.625,
    0.625,
    0.625,
    1,
    0.625,
    1,
    1.600000023841858,
    1,
    1,
    1.600000023841858
  ],
  "WATER": [
    1,
    1,
    1,
    1,
    1.600000023841858,
    1.600000023841858,
    1,
    1,
    1,
    1.600000023841858,
    0.625,
    0.625,
    1,
    1,
    1,
    0.625,
    1,
    1
  ]
}
